{"num_trials": 5, "num_orientations": 8, "do_blank": 1, "num_blanks": 1, "initial_delay": 2, "stim_duration": 4.300563399996463, "isi": 6, "is_random": 1, "random_phase": 1, "temporal_freq": 1, "spatial_freq": 0.06, "contrast": 1, "texture_type": "sqr", "change_direction_at": 1, "animal_orientation": 0, "center_pos": [-25.82, -15.19], "stim_size": [360, 360], "aperture_center": [0, 0], "aperture_sizes": [10, 20, 30, 40, 50, 60, 70, 80, 90, 100], "maxv": 0.125, "minv": 0.0, "duty_cycle": 5, "foreground_color": -1, "frame_rate": 119.97614874158674, "stim_frames": 516, "starting_phase": [[0.9001042721478059, 0.8643480125611205, 0.7148058098794097, 0.6958965240257551, 0.010252990911800208, 0.7462575844731167, 0.5944756108952804, 0.7130762572221, 0.7326432577915628, 0.6652046731569349, 0.46637304015920344, 0.29706569555785356, 0.3505814421313104, 0.3178303120350583, 0.3281731630542274, 0.6687505193393007, 0.6207173761634094, 0.03352723567199556, 0.8210361872607516, 0.945596907353331, 0.9774336842106394, 0.8044197396628743, 0.5434231710346892, 0.8447126204426287, 0.13009426123498435, 0.9394266421857562, 0.1478146645929378, 0.3327051795816752, 0.6383487082864764, 0.7988778896694739, 0.8345222646589144, 0.608351590388149, 0.8447178998111893, 0.45894565466881787, 0.48643132589849447, 0.8199634448086426, 0.595184627885384, 0.3887025277830337, 0.7433172881666509, 0.15943210016653286, 0.5787808410004279, 0.08037458479327442, 0.595984482988667, 0.6541418079847462, 0.9961203865917848, 0.006039296137797634, 0.18490842798047646, 0.21728122860331933, 0.9139348685647823, 0.12364259062604177, 0.3429808248513023, 0.23648449846826824, 0.49864109025815306, 0.4381108262614687, 0.14222673028423471, 0.8488294686404798, 0.24672033306567598, 0.9830547397492309, 0.6125820093259722, 0.4206909135562047, 0.4446537246239127, 0.587046873609644, 0.7457231910566114, 0.7774004556906758, 0.7545058118959628, 0.060713033376130654, 0.9822676345812219, 0.4273924620377372, 0.7546495010729921, 0.5926146071913458, 0.3219653196558542, 0.8489262205175284, 0.487249779225561, 0.17080550620504964, 0.5813373007598684, 0.2929092831123099, 0.33454211865937933, 0.48111155372641257, 0.53640329024553, 0.17207952807836024, 0.9143173139508405], [0.18560914604748657, 0.3125937993328983, 0.021653127571461983, 0.9185232690578209, 0.8062820105409257, 0.8395140107875725, 0.9205548932795454, 0.3034775815027395, 0.1034359187650602, 0.7397974733717377, 0.6007252368581526, 0.0870454327619904, 0.32434354811170496, 0.31274449387978676, 0.6377006839890034, 0.6949792133055677, 0.779185878592497, 0.16624109872491621, 0.3875477943282565, 0.722112184286257, 0.17643885762187717, 0.8125738403495129, 0.4348525469376098, 0.43724231045947937, 0.2963448082571821, 0.5371484509483178, 0.0970182372232804, 0.18771282481763796, 0.8786356800900315, 0.19811775527852094, 0.6788453404939794, 0.0731832012485637, 0.5263268181788933, 0.24029697586967835, 0.3299349177980052, 0.7044973556556284, 0.22620872252424506, 0.8778824631017593, 0.8721642543714907, 0.10714939927806622, 0.523199150884238, 0.029315116876802216, 0.5686793156664182, 0.2767196552566331, 0.5508008647792714, 0.762913784493062, 0.8258442880735095, 0.4159377661556817, 0.053684383868467744, 0.8512894402727755, 0.3494569934714292, 0.5065088519586461, 0.7370958147321156, 0.12414111252909388, 0.4504239552428947, 0.36310422563807965, 0.6481363859423825, 0.4584166302115219, 0.4268388594422895, 0.9948043785755993, 0.5813134886440923, 0.7577407104480854, 0.5385222233870071, 0.6850850622922944, 0.18104775086010338, 0.5208077931095998, 0.08766220525058988, 0.539116171736277, 0.8753608109585779, 0.6859352894235818, 0.4262051537392325, 0.11098563618163104, 0.2682951660321802, 0.0853983481902505, 0.5827268557646589, 0.9274489460961423, 0.5815418958670915, 0.3625169223782495, 0.8090383336920126, 0.9220496323824776, 0.5272866761446212], [0.15701309252423912, 0.33395584549800084, 0.8351654073732998, 0.4242006496938798, 0.5084434457264901, 0.9399197017497307, 0.3270818733140537, 0.21789393992376316, 0.4503559694286743, 0.8707538184886593, 0.7164797899603779, 0.4671898885318634, 0.35411341193435153, 0.3905700051732077, 0.7922430403897623, 0.3131343523341902, 0.6147243591743335, 0.6826701096013209, 0.4170246594617375, 0.31040603358329655, 0.6069001706192824, 0.38402334419042405, 0.3642652889834528, 0.9050507754652578, 0.36538144546347817, 0.25437727925650333, 0.5244609040534219, 0.767516948987111, 0.08148423598816357, 0.3154797662936074, 0.2495901540836265, 0.921967523267051, 0.15266267247077447, 0.570180377411596, 0.47304485109562977, 0.03887550344810642, 0.8890215121059513, 0.27808789703095815, 0.13223795927744397, 0.3853519355358055, 0.9535723076287429, 0.13045854375642996, 0.45416452970217636, 0.4518477782419794, 0.9931965634238072, 0.5488465016106324, 0.3943355424336831, 0.6047346288240836, 0.7096254445757657, 0.5208112914844224, 0.843799343865838, 0.6832554340822947, 0.34719003480267685, 0.7446516135316306, 0.6373915601315759, 0.5849834783793713, 0.05184671741386038, 0.18795958097223708, 0.46045500428526, 0.5516610789934616, 0.9190600458899937, 0.08474965119470634, 0.2152910354930324, 0.7304748210643773, 0.8828082161577796, 0.48379190515798653, 0.7997332261295134, 0.10050279351057567, 0.14596490353960845, 0.12535839252346037, 0.4783142258332047, 0.6879515522517488, 0.5103279946723613, 0.21618867009435505, 0.5306534838073027, 0.7964853321861758, 0.49226445474226765, 0.5148112016220108, 0.50221526982464, 0.37121597178525134, 0.19802902376809173], [0.4901504125257564, 0.7225305460503108, 0.22504721484649381, 0.2006478934195569, 0.12867342369849977, 0.04753131475782557, 0.8802187880406523, 0.6065401132661126, 0.7729738456038094, 0.2380437690766798, 0.7384550984495731, 0.29871273464868064, 0.5445926460463704, 0.11576295502970269, 0.8528031224409103, 0.9726179173907259, 0.23611047236046767, 0.46059238059584884, 0.14926624013295375, 0.6921634135677198, 0.08208882529111328, 0.6440706064253091, 0.5730883372589233, 0.19338182964516037, 0.6455237997620954, 0.6637214597233803, 0.13237898005823134, 0.49798135821155987, 0.6926230549641406, 0.06815804024432504, 0.5074392784246231, 0.7839371153243457, 0.0005970710385179157, 0.056324560633026155, 0.420059923649293, 0.37725755855587617, 0.9991496028147541, 0.1423579713089036, 0.78836605042052, 0.2968237615961864, 0.09620979619125292, 0.533140697788405, 0.7708462170825239, 0.23217249242715288, 0.17805041853249515, 0.25287345153167184, 0.45119815783319306, 0.7429247702394252, 0.8026418710129605, 0.09035262361745267, 0.3654676147223834, 0.14141699616605719, 0.1797306584001116, 0.06415199194369614, 0.7843370053401247, 0.4351655040176663, 0.5166580383513631, 0.4968081315312054, 0.30886621347051135, 0.669367373659404, 0.4611930125012218, 0.3337097238936181, 0.36024317981889153, 0.11108546169075695, 0.12434119055971138, 0.38661972694834124, 0.571589679683202, 0.9546139832035239, 0.7271405418417262, 0.19669225507492838, 0.06556770192897521, 0.6161800996807775, 0.5972969629848919, 0.3205176622957763, 0.8936253098006209, 0.9601733335746393, 0.07497347553188394, 0.8795520193428455, 0.6793443887058817, 0.4005757937201213, 0.1344033719273191], [0.4090705543080644, 0.5345754950934757, 0.19068079920531122, 0.20461005165168167, 0.05035323847070228, 0.473409355591468, 0.3652167019233411, 0.6117200615615856, 0.12421441861170057, 0.7457509416375104, 0.7873407634217551, 0.6450904178894744, 0.354594244941452, 0.92861158977843, 0.10084446983546269, 0.8928602813859907, 0.8589500263815114, 0.9425816566055653, 0.4743536273287168, 0.23615930647433225, 0.8941111839593107, 0.033180992303800116, 0.3480678855564322, 0.23434443560366158, 0.3000302755864116, 0.9412123068006719, 0.7071268117173575, 0.7266004189944272, 0.7249906542983731, 0.11083262292322638, 0.608031776097898, 0.7425365472687857, 0.16468271836474424, 0.7909955334777773, 0.28906607372037996, 0.6684885133781318, 0.7411463998536877, 0.8111310833867351, 0.5530776297233538, 0.7745877181694587, 0.1319981088098282, 